1171,"RT @BJKKadinFutbol: Kadƒ±n Futbol Takƒ±mƒ±mƒ±za Konak Belediyespor ma√ßƒ±nda sonsuz ba≈üarƒ±lar
#Kartali√ßeler
#Be≈üikta≈ü https://t.co/hd604hDnqP",0,False,False,858566159674859522,None,False,Sun Apr 30 06:18:18 +0000 2017,None,None,tr,11,False,None,532681878,O Sene Bu Sene Bundan Sonra Her Sene... ≈ûAMPƒ∞YON BE≈ûƒ∞KTA≈û Olacak !!!,False,Wed Mar 21 22:05:22 +0000 2012,61030,2006,23161,False,None,BE≈ûƒ∞KTA≈û,Athens,en,10800,194,___BESIKTAS,,,,,None,None,https://twitter.com/BJKKadinFutbol/status/858565390498230272/photo/1,http://www.bjk.com.tr,Sun Apr 30 06:15:15 +0000 2017
1172,"Liga de futbol uruguayo ""Margarita Villaescusa"", -Intersemanal-

TORNEO DE COPA (2DA RONDA)

LOAIZA, MUCHA PIEZA... https://t.co/8i6X6NagZl",0,False,False,858566164192124928,None,False,Sun Apr 30 06:18:19 +0000 2017,None,None,es,1,False,"Mazatlan, Sinaloa, Mexico",147018687,"soy muy platicador, tranquilo de car√°cter pero eso si, Hombre muy apasionado en lo que me gusta, cantante, m√∫sico, deportista, comentarista de deportes...",True,Sun May 23 00:43:59 +0000 2010,2784,35,11,False,http://www.facebook.com/LaBombadelFovissste,Juan Manuel Rios Mon,Mazatlan,es,-21600,38,JuanMaEltonJoel,,,,,None,None,,,
1173,RT @MathiasChu: Ven√≠a caminando al mismo ritmo que una chica por la calle y tuve que cruzar porque not√© que estaba teniendo miedo. Se rompi‚Ä¶,0,False,False,858566165492371457,None,False,Sun Apr 30 06:18:19 +0000 2017,None,None,es,8,False,argentina,897944448,"19 ‚ôë. Fot√≥grafa. Cineasta. Bandas.
BE A COOL KID, NERD!

http://open.spotify.com/user/neregodoy‚Ä¶",False,Mon Oct 22 16:43:45 +0000 2012,65318,904,9939,False,https://instagram.com/_u/nereegodoy?r=sun1,Pacifier.,Brasilia,es,-10800,534,NereaGodoy98,,,,,None,None,,http://instagram.com/mathiaschu,Fri Apr 28 21:53:14 +0000 2017
1174,"Ultras de Comprom√≠s agreden a la columnista de OKDIARIO Cristina Segu√≠ al grito de ""¬°fuera espa√±oles!"" https://t.co/Do3QDMNC4P",0,False,False,858566168600334336,None,False,Sun Apr 30 06:18:20 +0000 2017,None,None,es,14,False,None,73604747,Me flipa la aviaci√≥n,True,Sat Sep 12 08:55:31 +0000 2009,4544,432,1225,False,None,vikuku,Casablanca,es,3600,1747,vikuku,,,,,None,None,,,
1175,RT @elcosodelapizza: Argentina se√±ores https://t.co/jaN5eduQW6,0,False,False,858566169686618112,None,False,Sun Apr 30 06:18:20 +0000 2017,None,None,es,2,False,Merlo,125069241,El tesoro que no ves la inocencia que no ves. Ingenieria mecanica. 19.,True,Sun Mar 21 15:39:03 +0000 2010,33209,431,10335,False,None,Ferrer,Buenos Aires,es,-10800,296,MatiasFerrer,,,,,None,None,https://twitter.com/elcosodelapizza/status/858283068049817600/photo/1,https://www.instagram.com/elcosopizza/,Sat Apr 29 11:33:24 +0000 2017
1176,"CNNTravel: #travel #holidays 60 second vacations: Explore the beauty of Argentina's capital, Buenos Aires. https://t.co/c1yedUbFdG",0,False,False,858566173176320000,None,False,Sun Apr 30 06:18:21 +0000 2017,None,None,en,3,False,None,840474907817439232,Your guide to #travelling to #Thailand üáπüá≠ #Bangkok #travel #tourism #Thai #flights ‚úàÔ∏è#hotels #holiday #car #rental #booking #traveling 4 #traveler,False,Sat Mar 11 08:10:08 +0000 2017,5501,114,45,False,None,Bangkok Tourism,None,en-gb,None,70,Bangkok_Tourism,,,,,None,None,,,
1177,"RT @MaJo_pe_: 3 discos de oro, top 5 de los + vendidos de Argentina (2016), + de 150K espectadores en lo que va su gira solista..‚Ä¶ ",0,False,False,858566183477547008,None,False,Sun Apr 30 06:18:24 +0000 2017,None,None,es,8,False,None,2790584490,soy un chico cualquiera de 20 a√±os || guada mi beb√©,False,Thu Sep 04 21:04:20 +0000 2014,46043,2637,3265,False,None,francisco,Pacific Time (US & Canada),es,-25200,298,stoesselmybitch,,,,,None,None,,http://ask.fm/MaJo_violettera,Sat Apr 29 17:15:23 +0000 2017
1178,"Hace todas las que podais tuyas ‚Äî Josna
Paco
Paco Myers
Flaco
Alto
Moreno
Mr Myers
18A
Loco
Amo al futbol
Siempre ‚Ä¶ https://t.co/4WhRRO3R2R",0,False,False,858566192881168384,None,False,Sun Apr 30 06:18:26 +0000 2017,None,None,es,2,False,Marcaibo,406280557,17a! Futuro futbolista profesional! ¬°TODO VERDE!,True,Sun Nov 06 14:02:39 +0000 2011,9942,842,830,False,None,Jose luis JR,Caracas,es,-14400,940,josenavarrojr11,,,,,None,None,,,
1179,"RT @gunsfordoblas: aca tenes a los pelotudos de yao cabrera y tomas oranges arreglando sus problemas, a las pi√±as, los ''grandes de yo‚Ä¶ ",0,False,False,858566193589997568,None,False,Sun Apr 30 06:18:26 +0000 2017,None,None,es,7,False,"La Plata, Argentina",4345689743,"Club Atletico Independiente // padle//

ig: @Diiagooo99",True,Wed Dec 02 01:46:34 +0000 2015,36694,1024,11216,False,http://www.instagram.com/diiagooo99/,diagoo,Pacific Time (US & Canada),es,-25200,795,Diiagoo99,,,,,None,None,,http://twentyonepilots.com,Sat Apr 29 18:01:09 +0000 2017
1180,"Bon dia, Sants-Montju√Øc! ‚òÄÔ∏è √âs diumenge de futbol a @sants3radio! L'#Operaci√≥Ascens continua viva!
‚åöÔ∏è 12 h
‚öΩÔ∏è‚Ä¶ https://t.co/ge38g8ebF9",0,False,True,858566192658776064,None,False,Sun Apr 30 06:18:26 +0000 2017,None,None,und,0,False,None,1872318991,"An√†lisi de l'actualitat esportiva a Sants-Montju√Øc. Els dilluns de 20 h a 21.30 h a @sants3radio!
Amb @martiodriozola, @PolCorredoira98 i @guillemfabo.",True,Mon Sep 16 16:44:30 +0000 2013,2950,396,382,False,http://www.districteesportiu.cat,Districte Esportiu,Ljubljana,ca,7200,303,D3Esportiu,,,,,None,None,,,
1181,Insultos contra el Bar√ßa en la grada del RCDE Stadium  @lavanguardia https://t.co/NfvpT5q6OI,0,False,False,858566202779738114,None,False,Sun Apr 30 06:18:28 +0000 2017,None,None,und,1441,True,Catalonia. Europe.,419731813,Journalist. ‚ÄúJournalists are professional skeptics‚Äù (Shane Harris). 'In three words I can sum up everything I've learned about life: it goes on'. (Robert Frost),False,Wed Nov 23 18:28:51 +0000 2011,49379,101425,40,False,None,Jaume Barber√†,Madrid,ca,7200,303,JaumeBarbera,,,,,None,None,,,
1182,RT @ArtaGene: @Shakestweetz @AmandaS15866691 David Letterman said it best.  Trump just cancelled award Ceremony for Jimmy Carter‚Ä¶ ,0,False,False,858566213273657344,None,False,Sun Apr 30 06:18:31 +0000 2017,None,None,en,6,False,"New Mexico, USA",4810853893,#RESISTANCE,False,Mon Jan 25 05:14:21 +0000 2016,11067,1133,46156,False,None,Amanda Smith,None,en,None,1536,AmandaS15866691,,,,,None,None,,http://about.me/cskipper,Sun Apr 30 06:17:51 +0000 2017
1183,RT @ConElMazoDando: Macri aumenta deuda argentina en casi 80 mil millones de d√≥lares - https://t.co/RBwBK1cnJb https://t.co/yLESHRtHIL,0,False,False,858566223696719872,None,False,Sun Apr 30 06:18:33 +0000 2017,None,None,es,3,False,None,2769459293,None,False,Sat Sep 13 23:47:41 +0000 2014,10430,1423,4780,False,None,Jose B.,None,es,None,2723,josebfz19,,,,,None,None,https://twitter.com/ConElMazoDando/status/858543108111388673/photo/1,http://www.conelmazodando.com.ve,Sun Apr 30 04:46:42 +0000 2017
1184,"RT @Facu_Vignisto: RT si quer√©s que @flor_vigna gane la categor√≠a ""Instagramer Nivel Dios Argentina"" en los MTV MIAW 2017üíõüôè‚Ä¶ ",0,False,False,858566229216432128,None,False,Sun Apr 30 06:18:35 +0000 2017,None,None,es,2,False,Ex '' @AmorAvigna_ ''',2727525936,"-Cumple sus sue√±os quien RESISTE - 13/12 Rt d Florüòç...
-19/12/16 campeona del bailandoüèÜ",True,Tue Aug 12 22:23:37 +0000 2014,57352,5825,15332,False,None,Maay‚ô°,Buenos Aires,es,-10800,2338,LuzzYvigna,,,,,None,None,,None,Thu Apr 27 01:45:34 +0000 2017
1185,"Vi a Cristina hj , ela sempre √© um amor de pessoa comigo ,como n√£o amar n√© rsrs",0,False,False,858566244311715840,None,False,Sun Apr 30 06:18:38 +0000 2017,None,None,pt,3,False,@JustinBieber üíô Juan & Luiza,2332023794,None,True,Fri Feb 07 15:26:41 +0000 2014,55729,3253,9929,False,http://facebook.com/kethelem.mello,kethelem Manuella üåà,Brasilia,pt,-10800,2354,kethyymello,,,,,None,None,,,
1186,"RT @Sheyla_Auryner: @capturasfake ""Argentina"" ""Perd√≥n por mi espa√±ol"" https://t.co/WSPr7JPJSk",0,False,False,858566247214186496,None,False,Sun Apr 30 06:18:39 +0000 2017,None,None,es,1,False,La Boca ,328480686,La historia tiene colores azul y amarillo.   can you save my heavydirtysoul,True,Sun Jul 03 13:12:20 +0000 2011,25073,538,15551,False,http://instagram.com/emi.rinaldi,19‚öì05,Buenos Aires,es,-10800,221,EmilianaRinaldi,,,,,None,None,https://twitter.com/Sheyla_Auryner/status/854530263723986945/photo/1,http://nowkissmeyoufool.com,Wed Apr 19 03:01:05 +0000 2017
1187,"Comando arriba a campo de futbol en Acapulco, Guerrero, y ... - SinEmbargo https://t.co/Hbb9ZDVOFo #costadorada",0,False,False,858566251228024832,None,False,Sun Apr 30 06:18:40 +0000 2017,None,None,es,31,False,"Costa Daurada, Catalunya",184849270,Semi-bot anunciando cosas sobre la Costa Dorada. || Semi-bot anunciant coses sobre la Costa Daurada. || Semi-bot talking about Costa Daurada.,False,Mon Aug 30 16:49:54 +0000 2010,44008,580,12,False,http://ebro-costadorada.com,Costa Dorada,Madrid,es,7200,16,costa_dorada,,,,,None,None,,,
1188,"Sampaoli , es el nuevo t√©cnico de la @Argentina 
Dice la AFA..",0,False,False,858566252612157441,None,False,Sun Apr 30 06:18:40 +0000 2017,None,None,es,1,False,Barranquilla- Colombia,257310802,"Soy Concerje, Casado Con La Mujer Mas Bella,Diana.y Tres hermosos Hijos.FabioA,FabioJ Y Laura M.
 y Mi Equipo es @atleticonacional",True,Fri Feb 25 04:28:56 +0000 2011,3901,60,85,False,None,Fabio Mel√©ndez,Eastern Time (US & Canada),es,-14400,230,fabioplaza53,,,,,None,None,,,
1189,RT @ConElMazoDando: Macri aumenta deuda argentina en casi 80 mil millones de d√≥lares - https://t.co/RBwBK1cnJb https://t.co/EQrVGdLsRq,0,False,False,858566258119364609,None,False,Sun Apr 30 06:18:41 +0000 2017,None,None,es,5,False,None,2406803028,None,True,Sun Mar 23 11:31:42 +0000 2014,9546,1619,4007,False,None,M Sequeyra,Buenos Aires,es,-10800,3027,MSequeyra,,,,,None,None,https://twitter.com/ConElMazoDando/status/858565756216381440/photo/1,http://www.conelmazodando.com.ve,Sun Apr 30 06:16:42 +0000 2017
1190,"RT @edu_VALDES13: Silvio Romero, ese jugador que deslumbr√≥ en Argentina, fue a Europa, hizo goles en Jaguares y arranco bien en AME, hoy es‚Ä¶",0,False,False,858566260132646912,None,False,Sun Apr 30 06:18:42 +0000 2017,None,None,es,0,False,"Ecatepec de Morelos, M√©xico",841835546036977665,None,False,Wed Mar 15 02:16:49 +0000 2017,1352,19,1481,False,None,Guillermo Flores,None,es,None,152,memoflores35,,,,,None,None,,http://www.instagram.com/edu_valdes13/,Sun Apr 30 06:15:46 +0000 2017
1191,RT @LaGrondonaTwitt: Los Simpson tambi√©n predijeron a la justicia Argentina! https://t.co/JH9vBh43rP,0,False,False,858566261793595392,None,False,Sun Apr 30 06:18:42 +0000 2017,None,None,es,1,False,None,949897344,None,True,Thu Nov 15 15:05:32 +0000 2012,9064,116,1967,False,None,Martin Ciafardini,Buenos Aires,es,-10800,100,Chafa99,,,,,None,None,https://twitter.com/LaGrondonaTwitt/status/858397577364025344/photo/1,https://instagram.com/clau_sego,Sat Apr 29 19:08:25 +0000 2017
1192,"RT @BJKKadinFutbol: Kadƒ±n Futbol Takƒ±mƒ±mƒ±za Konak Belediyespor ma√ßƒ±nda sonsuz ba≈üarƒ±lar
#Kartali√ßeler
#Be≈üikta≈ü https://t.co/hd604hDnqP",0,False,False,858566268584157184,None,False,Sun Apr 30 06:18:44 +0000 2017,None,None,tr,0,False,T√ºrkiye,848233014,BE≈ûƒ∞KTA≈ûLI ATAT√úRK'√úN ASKERƒ∞..  ƒ∞√áƒ∞ √á√úR√úM√ú≈û PARTƒ∞LERƒ∞N SEMPATƒ∞ZANI DEƒûƒ∞Lƒ∞M SIYASET√áƒ∞LERƒ∞ SEVMEM...  ƒ∞≈û√áƒ∞ Yƒ∞M... DOKTOR M√úHENDƒ∞S FELAN DEƒûƒ∞Lƒ∞Mü§êü§êü§ê,True,Wed Sep 26 22:30:55 +0000 2012,6207,739,4809,False,None,ƒ∞ZCƒ∞ü¶Äü¶Ä,None,tr,None,718,ilkerzade1903,,,,,None,None,https://twitter.com/BJKKadinFutbol/status/858565390498230272/photo/1,http://www.bjk.com.tr,Sun Apr 30 06:15:15 +0000 2017
1193,@vegetta777 En Espa√±a lla es de d√≠a ? En argentina es las 3 de la madrugada,0,False,False,858566293687070722,vegetta777,False,Sun Apr 30 06:18:50 +0000 2017,858565902371049472,242101122,es,0,False,None,858516936388378624,None,False,Sun Apr 30 03:02:42 +0000 2017,1,0,4,False,None,Kimberly Huanca,None,es,None,6,HuancaKimberly,,,,,None,None,,,
1194,"hoy la silueta nos ven√≠a bien @ C√≥rdoba, Argentina https://t.co/bizmuqQJaj",0,False,False,858566294202978304,None,False,Sun Apr 30 06:18:50 +0000 2017,None,None,es,2,False,C√≥rdoba / Argentina,2717046245,Artista Visual,True,Fri Jul 18 20:07:40 +0000 2014,79,80,150,False,http://laurapeschiutta.tumblr.com,Lau Peschiutta,None,es,None,332,PeschiuttaLaura,,,,,"{u'full_name': u'C\xf3rdoba, Argentina', u'url': u'https://api.twitter.com/1.1/geo/id/00f84d414936f28e.json', u'country': u'Argentina', u'place_type': u'city', u'bounding_box': {u'type': u'Polygon', u'coordinates': [[[-64.3195, -31.523576], [-64.3195, -31.307337], [-64.076551, -31.307337], [-64.076551, -31.523576]]]}, u'country_code': u'AR', u'attributes': {}, u'id': u'00f84d414936f28e', u'name': u'C\xf3rdoba'}","{u'type': u'Point', u'coordinates': [-64.1833, -31.4]}",,,
1195,"RT @CristinaSegui_: Ultras de Comprom√≠s agreden a @CristinaSegui_ al grito de ""¬°fuera espa√±oles!"" https://t.co/EE2bNYOsLs Condena @joanbald‚Ä¶",0,False,False,858566298992857093,None,False,Sun Apr 30 06:18:51 +0000 2017,None,None,es,0,False,None,801911905,None,True,Tue Sep 04 06:20:39 +0000 2012,448,11,784,False,None,antonio calle,None,es,None,46,antoniocalle3,,,,,None,None,,http://www.cristinasegui.es,Sat Apr 29 20:44:41 +0000 2017
1196,RT @FREESTYL3__: No estoy robando nada estoy forrao' como Cristina. https://t.co/WTvejiDXdv,0,False,False,858566300842557441,None,False,Sun Apr 30 06:18:52 +0000 2017,None,None,es,0,False,None,702689680865763328,Mauroo321,False,Thu Feb 25 03:00:50 +0000 2016,1824,543,2379,False,None,Maurito,None,es,None,411,Castroo_Mauroo,,,,,None,None,https://twitter.com/FREESTYL3__/status/840601559113302016/video/1,https://www.youtube.com/c/R4PREAL,Sat Apr 29 19:30:09 +0000 2017
1197,CNRM Noticias - Benito Guerra recupera terreno en el Rally Argentina #WRC2. https://t.co/Lr0Sq63GAz https://t.co/953BRtfwcz,0,False,False,858566299923775488,None,False,Sun Apr 30 06:18:51 +0000 2017,None,None,es,33,False,Mexico,102830552,"Comisi√≥n Nacional de Rallies M√©xico. Con la informaci√≥n oficial del Rally en M√©xico.

Rallying in Mexico official account.",False,Fri Jan 08 00:10:23 +0000 2010,4607,2939,1767,False,http://www.cnrm.com.mx,CNRM Rally,Mountain Time (US & Canada),es,-21600,383,CNRMRally,,,,,None,None,,,
1198,"RT @Crisenberg: alto descanso bullrich en las reuniones de gobierno, onda capaz opina algo y salta macri y le dice cerra el orto q a vos te‚Ä¶",0,False,False,858566301408796673,None,False,Sun Apr 30 06:18:52 +0000 2017,None,None,es,0,False,None,4181638281,what are you looking at?,False,Fri Nov 13 21:47:19 +0000 2015,195,99,187,False,None,Libertad para higui,Pacific Time (US & Canada),es,-25200,209,sndyxxcv,,,,,None,None,,None,Sun Apr 30 05:23:15 +0000 2017
1199,"RT @pibekantina: Yo Soy......,.,., ApoLitiKo!!!!!11 Ni K ni macri!!!! Basta de ideolog√≠a, que se ballan todoS!!!!!!! Jej",0,False,False,858566318668349440,None,False,Sun Apr 30 06:18:56 +0000 2017,None,None,es,2,False,None,1480237638,None,True,Mon Jun 03 17:42:56 +0000 2013,13571,1029,703,False,None,Sonia,America/Argentina/Buenos_Aires,es,-10800,870,soniaglencina,,,,,None,None,,http://instagram.com/pibekantina,Fri Apr 28 21:43:49 +0000 2017
1200,RT @gabicerru: #LoQueElCambioSeLLevo  Cristina y un negocio que se derrumba por el tarifazo y el t√∫nel de calle Balbin. https://t.co/CDxJW8‚Ä¶,0,False,False,858566334136950784,None,False,Sun Apr 30 06:19:00 +0000 2017,None,None,es,2,False,Argentina,266840894,Todo es conspiraci√≥n...hasta que se demuestre lo contrario.,False,Tue Mar 15 22:34:17 +0000 2011,5497,155,3680,False,None,Matias TheChosen,Buenos Aires,es,-10800,700,MatiasTheChosen,,,,,None,None,https://twitter.com/gabicerru/status/858462681715625984/video/1,http://www.gabicerruti.com/,Sat Apr 29 23:27:07 +0000 2017
1201,RT @SilGaulard: Argentina hoy https://t.co/iSes7NHVuq,0,False,False,858566343444099072,None,False,Sun Apr 30 06:19:02 +0000 2017,None,None,es,1,False,Argentina,3085549528,snap:azul.ovejero200,True,Wed Mar 11 03:10:38 +0000 2015,10677,442,8680,False,None,Chinniü§ò,None,es,None,294,azucarp011,,,,,None,None,https://twitter.com/SilGaulard/status/858305663394557952/photo/1,None,Sat Apr 29 13:03:11 +0000 2017
1202,"Macri retom√≥ su agenda tras su gira a EE.UU.: visit√≥ el rompehielos Ir√≠zar, con el que viajar√≠a a la Ant√°rtida‚Ä¶ https://t.co/DlaiFsssXG",0,False,True,858566346094911488,None,False,Sun Apr 30 06:19:02 +0000 2017,None,None,es,905,True,Argentina,54578941,Noticias y an√°lisis las 24 horas | http://fb.com/iProfesionalcom?fref=ts | https://linkedin.com/company/iprofesional.com,False,Tue Jul 07 15:29:33 +0000 2009,87763,43048,135,False,http://www.iProfesional.com,iProfesional,Buenos Aires,es,-10800,647,iProfesional,,,,,None,None,,,
1203,"RT @WhatTheFFacts: Argentina's soccer player, Javier Mascherano, reportedly tore his anus during this year's world cup.",0,False,False,858566348372414465,None,False,Sun Apr 30 06:19:03 +0000 2017,None,None,en,16,False,"√úT: 6.4984088,3.3607103",71818692,Instagram: @donlulusphotography. Contact: 07065268562,True,Sat Sep 05 15:00:23 +0000 2009,23681,872,2656,False,None,Donlulus Photography,None,en,None,913,donlulus,,,,,None,None,,http://www.WhatTheFFacts.com,Sat Apr 29 22:30:14 +0000 2017
1204,RT @LaGrondonaTwitt: Los Simpson tambi√©n predijeron a la justicia Argentina! https://t.co/JH9vBh43rP,0,False,False,858566349957869569,None,False,Sun Apr 30 06:19:03 +0000 2017,None,None,es,0,False,"San Mart√≠n, Argentina",3165562444,Taurino‚ôâ | Brc2016‚ùÑ | C.A.B.Jüòç | 16üéâ | Mejor soloüö∂üèΩ |,False,Tue Apr 14 00:45:33 +0000 2015,11533,516,5435,False,None,üëëLucas Lautaroüëë,Atlantic Time (Canada),es,-10800,384,LuucasLautaroOK,,,,,None,None,https://twitter.com/LaGrondonaTwitt/status/858397577364025344/photo/1,https://instagram.com/clau_sego,Sat Apr 29 19:08:25 +0000 2017
1205,"RT @WhatTheFFacts: Argentina's soccer player, Javier Mascherano, reportedly tore his anus during this year's world cup.",0,False,False,858566354751942656,None,False,Sun Apr 30 06:19:05 +0000 2017,None,None,en,13,False,"Kolkata, India",609051194,struggle for existence,False,Fri Jun 15 12:29:11 +0000 2012,8519,155,10118,False,None,Arjun Das üçÅ üòó üçÅ,None,en,None,172,arjun4959,,,,,None,None,,http://www.WhatTheFFacts.com,Sat Apr 29 22:30:14 +0000 2017
1206,"Si algo odiaba de ni√±o era a los otros ni√±os; violentos, groseros, abusivos, fans del futbol, humillaban por no ser como ellos, etc.",0,False,False,858566361425096704,None,False,Sun Apr 30 06:19:06 +0000 2017,None,None,es,4,False,None,749732891144314880,"Estudi√© filosof√≠a pero cada d√≠a soy menos fil√≥sofo, hasta que un d√≠a dejar√© de serlo.",False,Sun Jul 03 22:33:45 +0000 2016,3419,70,1035,False,None,Arturo R,Pacific Time (US & Canada),es,-25200,108,desiertojazaro,,,,,None,None,,,
1207,Donda denunci√≥ a Macri y a Basavilbaso por la venta de las acciones del Fondo Previsional https://t.co/sfS6R8OUfP https://t.co/uzSan5UFD8,0,False,False,858566366252740609,None,False,Sun Apr 30 06:19:07 +0000 2017,None,None,es,3,False,"San Isidro, Argentina",3400837701,None,False,Mon Aug 03 03:40:37 +0000 2015,2650,49,0,False,None,ValleViejo El Diario,Buenos Aires,es,-10800,62,DiarioWDigOk,,,,,None,None,,,
1208,@TellyTalkIndia @GautamRodeTeam @GautamRodeWeb @GautamRodeeFC @GautamRodeRules @gautamRode_Luv @GautamRode_FC‚Ä¶ https://t.co/NtEA4gnrKN,0,False,True,858566375220154368,TellyTalkIndia,False,Sun Apr 30 06:19:09 +0000 2017,857843569477943296,1285608727,en,0,False,None,851491089064263680,None,False,Mon Apr 10 17:44:30 +0000 2017,365,10,149,False,None,Monilu,None,es,None,33,Monilu10133866,,,,,None,None,,,
1209,"RT @MoyanoFlorOk: Vamos micaaa!!! Todo esfuerzo tiene su recompensa!! Felicitaciones, te lo mereces! üíöüíö https://t.co/68q1LazHzi",0,False,False,858566375677276160,None,False,Sun Apr 30 06:19:10 +0000 2017,None,None,es,0,False,"Rosario, Argentina",843138487645868032,FLOR MOYANO EN LA 9G// Rosario Centralüíõüíô// La queen es ella FM‚ù§// CAMPEONA DE LA 7G,False,Sat Mar 18 16:34:15 +0000 2017,929,75,459,False,None,noeüê•,None,es,None,278,chinimoyano15,,,,,None,None,,https://www.instagram.com/moyanoflor,Tue Apr 25 13:07:34 +0000 2017
1210,El Museo de la Juventus bate su r√©cord de visitantes https://t.co/waYrSMsucW #deporte #futbol,0,False,False,858566382010683392,None,False,Sun Apr 30 06:19:11 +0000 2017,None,None,es,152,False,None,594624467,"Apasionado del deporte (hockey, f√∫tbol, tennis...) y del cine (El Barco Pirata), viene de familia                http://www.linkedin.com/in/javiertrullols",False,Wed May 30 14:12:13 +0000 2012,70155,2999,503,False,http://lajugadafinanciera.com,Javier Trullols,Amsterdam,es,7200,738,JavierTrullols,,,,,None,None,,,
1211,RT @Ingovlok1: MI PRIMITO SIEMPRE SE CALIENTA DESPU√âS DE JUGAR FUTBOL  #BAREBACK #APELO   https://t.co/l4KExR0qs0,0,False,False,858566398766960640,None,False,Sun Apr 30 06:19:15 +0000 2017,None,None,es,18,False,en un lugar de maracay ,4830498754,"vers√°til, vida hetero 
serio cero ni√±os amanezco sucio (+18)",False,Wed Jan 20 18:27:47 +0000 2016,22846,2402,25792,False,None,JOHNL.F,Pacific Time (US & Canada),es,-25200,3821,jhonathan_1991,,,,,None,None,https://twitter.com/Robbie_Hill1/status/813114524127490048/video/1,None,Sun Apr 30 06:13:41 +0000 2017
1212,"RT @MotivacionesF: Messi en Argentina y Messi en el Barcelona, diferencias ü§î https://t.co/7hKr77dQ6C",0,False,False,858566406392221696,None,False,Sun Apr 30 06:19:17 +0000 2017,None,None,es,2,False,"Asuncion, Paraguay",2196800063,"Jesucristo - La familia - Deporte -
Bienes Raices",True,Tue Nov 26 12:23:30 +0000 2013,3942,457,1507,False,http://www.newhomepy.com,Mauricio C√©spedes,None,es,None,896,maurinho029,,,,,None,None,https://twitter.com/MotivacionesF/status/858528839433048064/photo/1,http://instagram.com/motivacionesfgram,Sun Apr 30 03:50:00 +0000 2017
1213,"RT @MotivacionesF: Messi en Argentina y Messi en el Barcelona, diferencias ü§î https://t.co/7hKr77dQ6C",0,False,False,858566408350912512,None,False,Sun Apr 30 06:19:17 +0000 2017,None,None,es,10,False,None,2936790059,Familia Bartra Jim√©nez,False,Mon Dec 22 11:07:47 +0000 2014,24501,778,18488,False,None,Bartra-Jim√©nez,Pacific Time (US & Canada),es,-25200,1627,Balaloza,,,,,None,None,https://twitter.com/MotivacionesF/status/858528839433048064/photo/1,http://instagram.com/motivacionesfgram,Sun Apr 30 03:50:00 +0000 2017
1214,RT @Lanataenel13: Este ladr√≥n destruy√≥ La Matanza y la convirti√≥ en un territorio narco. Caradura https://t.co/aHsst8fzgx,0,False,False,858566411228151808,None,False,Sun Apr 30 06:19:18 +0000 2017,None,None,es,17,False,None,726991678729408513,"Buenos Aires, Argentina",True,Mon May 02 04:28:17 +0000 2016,39834,847,41673,False,None,Adri,None,es,None,1087,Adriana42755801,,,,,None,None,,None,Sat Apr 29 12:40:03 +0000 2017
1215,Argentina Babe suck cock and want the cumshot https://t.co/ntkCxlLPfh,0,False,False,858566415456055296,None,False,Sun Apr 30 06:19:19 +0000 2017,None,None,en,0,False,None,2658472278,None,False,Sat Jul 19 02:57:34 +0000 2014,1417,214,36,False,None,Minda Tankard,None,es,None,82,eyaioyvmjnmz,,,,,None,None,,,
1216,Rally de Argentina: Neuville aceler√≥ y le come los talones a¬†Evans https://t.co/z6MGudeICd,0,False,False,858566421319749632,None,False,Sun Apr 30 06:19:20 +0000 2017,None,None,es,0,False,"Mendoza, Argentina",3387383889,"El Cuyano es un diario online, con noticias las 24 hs., editado en Mendoza para todo el mundo.",False,Wed Jul 22 15:01:00 +0000 2015,3293,10,0,False,http://www.elcuyano.com,El Cuyano,Pacific Time (US & Canada),es,-25200,28,El_Cuyano,,,,,None,None,,,
1217,"[CNN Indonesia] Rp380 Ribu, Tiket Termurah Lihat Aksi Messi di Singapura!

Timnas Argentina dipastikan akan... https://t.co/vefTrBfmab",0,False,False,858566426474328064,None,False,Sun Apr 30 06:19:22 +0000 2017,None,None,in,0,False,Hong Kong,753577395043434497,Unicess Sports Group is Asia based sports match tour organizer.,False,Thu Jul 14 13:10:26 +0000 2016,37,2,0,False,None,UNICESS SPORTS GROUP,None,en,None,0,UnicessSports,,,,,None,None,,,
1218,"RT @LIGAMXFemenil: ¬øYa lo anotaste en tu ‚öΩüìÖ Agenda Futbol√≠stica üìÖ‚öΩ ?
4 d√≠as los que faltan para el Torneo de Copa de la @LIGAMXFemenil‚Ä¶ ",0,False,False,858566433332109312,None,False,Sun Apr 30 06:19:23 +0000 2017,None,None,es,0,False,None,391050181,None,False,Fri Oct 14 23:50:18 +0000 2011,39,43,6,False,None,karen gomez,None,es,None,77,_karen_goes,,,,,None,None,,None,Sun Apr 30 01:30:14 +0000 2017
1219,"RT @MotivacionesF: Messi en Argentina y Messi en el Barcelona, diferencias ü§î https://t.co/7hKr77dQ6C",0,False,False,858566434544390144,None,False,Sun Apr 30 06:19:24 +0000 2017,None,None,es,0,False,None,754891729711529985,"No entiendo nada, pero me lo hice por Cande.
Aguante Boca",False,Mon Jul 18 04:13:08 +0000 2016,2191,145,2021,False,https://www.instagram.com/aguss.maldonado/,Agustin Maldonado,None,es,None,108,malldonadoagus,,,,,None,None,https://twitter.com/MotivacionesF/status/858528839433048064/photo/1,http://instagram.com/motivacionesfgram,Sun Apr 30 03:50:00 +0000 2017
1220,RT @SilGaulard: Argentina hoy https://t.co/iSes7NHVuq,0,False,False,858566447894863872,None,False,Sun Apr 30 06:19:27 +0000 2017,None,None,es,1,False,None,4108016121,„Ää17„Äã|Juli√°n Gadea mejor amigo ^-^ |  8-11-14|  | Brc'16‚ùÑ | ~Olvida todo y se feliz~  #LaBandaDelPapo üëÖ,False,Tue Nov 03 23:51:53 +0000 2015,10696,270,4002,False,None,Agusüå∏,None,es,None,169,agussvillegasok,,,,,None,None,https://twitter.com/SilGaulard/status/858305663394557952/photo/1,None,Sat Apr 29 13:03:11 +0000 2017
1221,Una Liga en el alambre https://t.co/uxgqOazDrV,0,False,False,858566447882264576,None,False,Sun Apr 30 06:19:27 +0000 2017,None,None,es,21,False,"√úT: 10.2564336,-67.6309279",116015163,"Portal de Noticias donde la noticias las haces tu. Ahora tu comunidad es noticia con diario valles de Tacarigua, Muy Pronto por web.",True,Sat Feb 20 20:39:21 +0000 2010,192861,1131,41,False,None,Valles de Tacarigua,Caracas,es,-14400,698,vtwebnoticias,,,,,None,None,,,
1222,"RT @maxi_sueiro: Laurita Alonso, poner como Procurador del Tesoro al abogado d Macri para investigar el #Choreoargentino es delito? https:/‚Ä¶",0,False,False,858566448599453696,None,False,Sun Apr 30 06:19:27 +0000 2017,None,None,es,19,False,"Godoy Cruz, Argentina",4269204976,None,False,Wed Nov 25 00:57:27 +0000 2015,33116,451,2678,False,None,Diego Morel,None,es,None,514,Diegoahumado,,,,,None,None,https://twitter.com/maxi_sueiro/status/858564728188227585/photo/1,None,Sun Apr 30 06:12:37 +0000 2017
1223,"RT @MotivacionesF: Messi en Argentina y Messi en el Barcelona, diferencias ü§î https://t.co/7hKr77dQ6C",0,False,False,858566461509558276,None,False,Sun Apr 30 06:19:30 +0000 2017,None,None,es,0,False,25 de Mayo y Chile,2445151433,"Atl√©tico Tucum√°n y NADA M√ÅS‚ô° || SOY DE PRIMERA, Y VOS? || P.S.Q‚àû‚ô° || Insta: SofValdez25",True,Sat Mar 29 18:24:30 +0000 2014,9197,420,2139,False,http://Facebook.com/Soofi.Decana,Sof.,Brasilia,es,-10800,354,SofValdez25,,,,,None,None,https://twitter.com/MotivacionesF/status/858528839433048064/photo/1,http://instagram.com/motivacionesfgram,Sun Apr 30 03:50:00 +0000 2017
1224,RT @elcosodelapizza: Argentina se√±ores https://t.co/jaN5eduQW6,0,False,False,858566464554643456,None,False,Sun Apr 30 06:19:31 +0000 2017,None,None,es,7,False,None,744478087,"Si te hizo feliz, no te arrepientas‚ú®",True,Wed Aug 08 05:06:00 +0000 2012,44354,767,9960,False,https://www.instagram.com/nicolevelazquezz,n i c o l e üèÄ,Brasilia,es,-10800,639,_CamVelazquez,,,,,None,None,https://twitter.com/elcosodelapizza/status/858283068049817600/photo/1,https://www.instagram.com/elcosopizza/,Sat Apr 29 11:33:24 +0000 2017
1225,"onda no saben nI UNA MIERDA lo que es ser mujer en argentina, podes dar tu opinion y lo que quieras pero si no sabes no hables al pedo.",0,False,False,858566471752060929,ftxtaetae,False,Sun Apr 30 06:19:32 +0000 2017,858566222962720768,2191927560,es,15,False,arg,2191927560,08/04/14 ‚úµ a lil sad but still rad ‚úµ,True,Wed Nov 13 08:43:05 +0000 2013,95102,382,11180,False,None,mel‚ãÜÀö‚úµ,Buenos Aires,es,-10800,296,ftxtaetae,,,,,None,None,,,
1226,RT @LaGrondonaTwitt: Los Simpson tambi√©n predijeron a la justicia Argentina! https://t.co/JH9vBh43rP,0,False,False,858566483777081345,None,False,Sun Apr 30 06:19:35 +0000 2017,None,None,es,0,False,"Rosario, Argentina",255311388,Quality Not Quantity,True,Mon Feb 21 03:06:47 +0000 2011,26981,518,716,False,None,Camila,Santiago,es,-10800,249,caamiilalopez,,,,,None,None,https://twitter.com/LaGrondonaTwitt/status/858397577364025344/photo/1,https://instagram.com/clau_sego,Sat Apr 29 19:08:25 +0000 2017
1227,RT @edu_valdemoros: Cualquier argentino con m√≠nima inquietud hubiera sabido q #Macri es un psic√≥pata delincuente saqueador .. no way https:‚Ä¶,0,False,False,858566492966842368,None,False,Sun Apr 30 06:19:37 +0000 2017,None,None,es,8,False,argentina,172373618,"psicologa, casada,  madre de dos,  K de la primera hora, soy del 20% que lo voto",False,Thu Jul 29 15:15:07 +0000 2010,11815,817,324,False,None,estela gorosito,None,es,None,1803,teresaestela,,,,,None,None,,None,Sat Apr 29 23:01:46 +0000 2017
1228,Me ha gustado un v√≠deo de @YouTube (https://t.co/MsR2DpLG7W - HUEVOS OL√çMPICOS 4 | Delantero09 - FUTBOL VERSION).,0,False,False,858566495852531712,None,False,Sun Apr 30 06:19:38 +0000 2017,None,None,es,3,False,Mexico ,477347761,None,True,Sun Jan 29 03:14:11 +0000 2012,2360,69,387,False,None,SoloFerchoxDD,Arizona,es,-25200,351,OMGitsFercho7u7,,,,,None,None,,,
1229,"RT @D3Esportiu: Bon dia, Sants-Montju√Øc! ‚òÄÔ∏è √âs diumenge de futbol a @sants3radio! L'#Operaci√≥Ascens continua viva!
‚åöÔ∏è 12 h
‚öΩÔ∏è‚Ä¶ ",0,False,False,858566497349890048,None,False,Sun Apr 30 06:19:39 +0000 2017,None,None,und,0,False,Manresa,2482631506,Twitter oficial del Centre d'Esports Manresa,False,Sun Apr 13 22:01:41 +0000 2014,2523,2079,238,False,http://www.cemanresa.cat,CE Manresa,Athens,es,10800,434,CdEManresa,,,,,None,None,,http://www.districteesportiu.cat,Sun Apr 30 06:18:26 +0000 2017
1230,"RT @darthcami: en argentina: 27 femicidios en 28 d√≠as 
tn: https://t.co/1doIJDt2Tn",0,False,False,858566499287670784,None,False,Sun Apr 30 06:19:39 +0000 2017,None,None,es,4,False,Alta Gracia - Cordoba,151897566,- Siempre es hoy -  @bandadelboliche.,False,Fri Jun 04 14:43:51 +0000 2010,3853,1312,5888,False,None,‚≠ê Orne Petrini ‚≠ê,Buenos Aires,es,-10800,1064,OrnePetrini,,,,,None,None,https://twitter.com/darthcami/status/858089186808799232/photo/1,http://instagram.com/cami.olivieri,Fri Apr 28 22:42:59 +0000 2017
1231,RT @MathiasChu: Ven√≠a caminando al mismo ritmo que una chica por la calle y tuve que cruzar porque not√© que estaba teniendo miedo. Se rompi‚Ä¶,0,False,False,858566503595220992,None,False,Sun Apr 30 06:19:40 +0000 2017,None,None,es,0,False,A veces.,1663276729,"N√†ufrago en un oc√®ano de Pelotudos. Cursando el CBC de Dise√±o Grafico en la UBA. Solo tomo helado de Chocolate 
‚ñ¨ Calm like a Bomb ‚ñ¨",False,Sun Aug 11 19:10:34 +0000 2013,6614,79,982,False,http://unguidolo.tumblr.com/,Guido Montagna,Brasilia,es,-10800,122,UnGuidolo,,,,,None,None,,http://instagram.com/mathiaschu,Fri Apr 28 21:53:14 +0000 2017
1232,Fondo de inversi√≥n m√°s grande del mundo brindar√° servicio sobre Argentina https://t.co/pAmQsc2sBj,0,False,False,858566510687772673,None,False,Sun Apr 30 06:19:42 +0000 2017,None,None,es,7,False,"Rosario, Argentina",766593996,Estrategias en Inversiones,True,Sun Aug 19 00:04:17 +0000 2012,3666,210,11,False,http://www.awa-global.com,AWA Global,Buenos Aires,es,-10800,527,AWA_Global,,,,,None,None,,,
1233,"RT @CaroOcchiavigna: ¬°RT Si quer√©s que @flor_vigna gane la categor√≠a ""Instagramer Nivel Dios Argentina"" en los MTV MIAW 2017 üôèüíõ‚Ä¶ ",0,False,False,858566512696864768,None,False,Sun Apr 30 06:19:42 +0000 2017,None,None,es,1,False,None,3793813893,"Hincha de Boca y Argentina, no de los resultados. Acompa√±ando a Del Potro y Messi siempreüíï PyF campeones 2016üåà",True,Sun Sep 27 14:54:30 +0000 2015,10778,541,4917,False,None,Lu‚ú®,Pacific Time (US & Canada),es,-25200,731,bianignaedo,,,,,None,None,,None,Thu Apr 27 01:53:09 +0000 2017
1234,#F√∫tbol #Corrientes: Invico empez√≥ con el pie derecho en la B. https://t.co/1doaLFCpEk,0,False,False,858566514919825408,None,False,Sun Apr 30 06:19:43 +0000 2017,None,None,es,47,False,Corrientes,524955306,"Periodista Deportivo, director de @despuesdljuego y @DDCtes, relator de basquet para Cablevisi√≥n.",False,Thu Mar 15 02:34:35 +0000 2012,18596,293,178,False,http://www.despuesdeljuego.com.ar,Facundo Mendiaz,Buenos Aires,es,-10800,1313,FacuMendiaz,,,,,None,None,,,
1235,RT @SilGaulard: Argentina hoy https://t.co/iSes7NHVuq,0,False,False,858566525787271168,None,False,Sun Apr 30 06:19:45 +0000 2017,None,None,es,0,False,None,229256504,IDEM,True,Tue Dec 21 23:08:51 +0000 2010,53915,1071,9189,False,None,Micaela,Santiago,es,-10800,705,MicaelaSrzz,,,,,None,None,https://twitter.com/SilGaulard/status/858305663394557952/photo/1,None,Sat Apr 29 13:03:11 +0000 2017
1236,"RT @CNNTravel: 60 second vacations: Explore the beauty of Argentina's capital, Buenos Aires. https://t.co/tFoDtiEQaC",0,False,False,858566528123285506,None,False,Sun Apr 30 06:19:46 +0000 2017,None,None,en,68,False,India,212487644,"Retweets not endorsement | Surya Namaskar | Excercise | Running | Cycling | Bicyclist | Wasted Talent | Human | Get busy living, or get busy dying |",False,Sat Nov 06 06:16:55 +0000 2010,73583,985,34405,False,None,riks,Hawaii,en,-36000,101,riksec08,,,,,None,None,https://twitter.com/CNNTravel/status/858565498946170880/video/1,http://www.cnn.com/travel,Sun Apr 30 06:15:40 +0000 2017
1237,@fahadameen1 @Fraudiesta messi plays for Argentina ffs.,0,False,False,858566538416226304,fahadameen1,False,Sun Apr 30 06:19:48 +0000 2017,858566246731788289,420207276,en,0,False,None,3317993606,None,False,Mon Aug 17 18:03:49 +0000 2015,2244,37,298,False,None,cule,None,en,None,106,Cule_101,,,,,None,None,,,
1238,"RT @gunsfordoblas: aca tenes a los pelotudos de yao cabrera y tomas oranges arreglando sus problemas, a las pi√±as, los ''grandes de yo‚Ä¶ ",0,False,False,858566541310390279,None,False,Sun Apr 30 06:19:49 +0000 2017,None,None,es,1,False,"Ciudad Madero, Buenos Aires",2346368454,"(xxHxx) 
Soy quemero desde que nac√≠ y quemero me voy a morir",True,Sun Feb 16 06:34:30 +0000 2014,2292,235,1778,False,None,¬´Iseas¬ª,None,es,None,291,tinchoNi,,,,,None,None,,http://twentyonepilots.com,Sat Apr 29 18:01:09 +0000 2017
1239,RT @CanalOficialFAA: La Fuerza A√©rea Argentina presente en la Feria del Libro! Te esperamos! #2017 #Cultura #Libros‚Ä¶ ,0,False,False,858566542371540993,None,False,Sun Apr 30 06:19:49 +0000 2017,None,None,es,26,False,"Laferrere, Buenos Aires",239828813,"Cheto mal
Amante de la mayonesa
Fuerza A√©rea Argentina
Soldado y Barman üíÇüç∏
Idiomas: Portu√±ol, Frances√±ol, Japo√±ol
fb: Maximiliano Cavallo
instagram: maxi.bj",True,Tue Jan 18 14:37:42 +0000 2011,13981,4081,6913,False,https://www.facebook.com/Maximiliano.cavallo.96,Maxx ‚ô°,Buenos Aires,es,-10800,5003,maxicavallo96,,,,,None,None,,http://www.faa.mil.ar/,Sat Apr 29 20:04:25 +0000 2017
1240,"RT @gunsfordoblas: aca tenes a los pelotudos de yao cabrera y tomas oranges arreglando sus problemas, a las pi√±as, los ''grandes de yo‚Ä¶ ",0,False,False,858566551716474880,None,False,Sun Apr 30 06:19:51 +0000 2017,None,None,es,2,False,"Ramos Mejia, Argentina",840153955,"Wsp 1532327018
Snap Luciavalinotti3
Insta valinottilucia
Rap/Freestyle/Canserbero/Tata",True,Sat Sep 22 17:37:39 +0000 2012,75176,2025,37298,False,None,Vali,Brasilia,es,-10800,1361,ValinottiLucia,,,,,None,None,,http://twentyonepilots.com,Sat Apr 29 18:01:09 +0000 2017
1241,Karen Walker hermosa Argentina https://t.co/iZybynZImo,0,False,False,858566553872289794,None,False,Sun Apr 30 06:19:52 +0000 2017,None,None,fi,0,False,None,2683891514,None,False,Sun Jul 27 02:17:43 +0000 2014,290,42,0,False,None,Aleen Apolinar,None,pt,None,21,yxhdrkifmb,,,,,None,None,,,
1242,@RickSouza @joaooalvarenga @bonfimer Macri √© um exemplo interessante. Est√° fazendo reformas dentro do poss√≠vel na m‚Ä¶ https://t.co/3sQYApCefC,0,False,True,858566556812541952,RickSouza,False,Sun Apr 30 06:19:53 +0000 2017,858566028825157633,43462979,pt,2,False,None,91253268,None,True,Fri Nov 20 02:42:00 +0000 2009,19680,467,1300,False,None,Ricardo Viz,Santiago,pt,-10800,572,Ricviz,,,,,None,None,,,
1243,La ligia mx is keeping me on my toes!!! These teams are on üî• vamos Tigres!!! #futbol #Tigres #ligia,0,False,False,858566568011337728,None,False,Sun Apr 30 06:19:55 +0000 2017,None,None,en,1,False,None,61660526,"Maricela Colunga Counselor, School Counselor MS and Child Advocate. HS Soccer Coach. Special Education MS, Special ed tutor. Educaci√≥n Biling√ºe.",False,Fri Jul 31 01:52:53 +0000 2009,606,126,717,False,None,mari colunga,Central Time (US & Canada),en,-18000,656,MariColunga,,,,,None,None,,,
1244,"RT @Horacio246: Para cumplir con lo que predica, Macri hace laburar a los de la cancha de golf. https://t.co/3FtdPolFHN",0,False,False,858566572826394626,None,False,Sun Apr 30 06:19:57 +0000 2017,None,None,es,15,False,None,218310605,"Arquitecta, Capital Federal",False,Mon Nov 22 00:27:34 +0000 2010,27115,357,1392,False,None,valeria,Buenos Aires,es,-10800,210,vale_moody,,,,,None,None,https://twitter.com/Horacio246/status/858315906962862080/photo/1,None,Sat Apr 29 13:43:53 +0000 2017
1245,RT @Elaguijon_: Todo mi apoyo a @CristinaSegui_ tras la agresi√≥n recibida por independentistas en Valencia  https://t.co/CkWdwJOSEA,0,False,False,858566575741214720,None,False,Sun Apr 30 06:19:57 +0000 2017,None,None,es,74,False,Urge otra #REFUNDACI√ìN,1331035350,"VOX Liberal Conservador Cat√≥lico VOX                                   Mi equipo tiene 11 Copas de Europa, ¬øy el tuyo? #ApartandoCorruptos #ProvidaApesarDelPP",False,Sat Apr 06 08:24:18 +0000 2013,79824,1938,46779,False,None,#LaDerechaEsVOX,Athens,es,10800,2451,PPineros_,,,,,None,None,,http://lacolmenadelaguijon.blogspot.com.es/?m=1,Sun Apr 30 05:32:01 +0000 2017
1246,"RT @Marianikeb: Estela de Carlotto en la apertura del Foro por la Libertad y la Democracia: ""Si Videla no pudo con nosotras tampoco‚Ä¶ ",0,False,False,858566577012322304,None,False,Sun Apr 30 06:19:58 +0000 2017,None,None,es,50,False,Buenos Aires,173347509,CFK la mejor presidenta en 50 a√±os junto a N√©stor.,True,Sun Aug 01 04:28:06 +0000 2010,157858,11104,73954,False,http://americalatinaunida.wordpress.com/,Marianike Baro,Santiago,es,-10800,6117,Marianikeb,,,,,None,None,,http://americalatinaunida.wordpress.com/,Sun Apr 30 06:04:37 +0000 2017
1247,"Y con nosotros te jodistes, porque no te prestaremos, a menos q ese pueblo valiente lo necesite por razones humanit‚Ä¶ https://t.co/kXQKo945Ps",0,False,True,858566579176525824,None,False,Sun Apr 30 06:19:58 +0000 2017,None,None,es,9,False,venezuela,575723179,"Asiduo defensor de esta Revoluci√≥n y de la obra de n/Libertador Sim√≥n Bol√≠var.Zamorano,Chavista y Madurista d Coraz√≥n y x convicci√≥n",True,Wed May 09 22:22:04 +0000 2012,12452,3286,70,False,None,ElAncianoTuitero,Caracas,es,-14400,4989,freddy_soriano,,,,,None,None,,,
1248,"RT @DeSangreTana: Soy argentina y cat√≥lica. 
Este Papa no me representa.
Qu√© verg√ºenza! 
Perd√≥n #venezuela  https://t.co/tOwehRfVav",0,False,False,858566583832203264,None,False,Sun Apr 30 06:19:59 +0000 2017,None,None,es,10,False,New Vegas.,217668361,21. Trotamundos Solitario. #TeamLaNNis,False,Sat Nov 20 04:49:07 +0000 2010,14177,212,11619,False,None,Gab Revan,Caracas,es,-14400,253,ImVizard,,,,,None,None,https://twitter.com/BeaTesouro/status/858498166303461377/photo/1,None,Sun Apr 30 02:03:00 +0000 2017
1249,RT @ntvspor: Jeremain Lens'in bonservis sahibi Sunderland k√ºme d√º≈üt√º! https://t.co/A2fLTWdWM9,0,False,False,858566583945506816,None,False,Sun Apr 30 06:19:59 +0000 2017,None,None,tr,0,False,Turkey,96080474,None,False,Fri Dec 11 07:31:09 +0000 2009,405,118,1091,False,None,erdal sevim,Istanbul,en,10800,108,erdalsevim,,,,,None,None,,https://goo.gl/Vrl5Ed,Sat Apr 29 17:35:44 +0000 2017
1250,RT @ERC_dones: Cristina S√°nchez al Consell Nacional de Dones de Catalunya: la nostra societat s'ha d'organitzar a partir de la vid‚Ä¶ ,0,False,False,858566585266696192,None,False,Sun Apr 30 06:19:59 +0000 2017,None,None,und,1,False,Barcelona.,1965238542,Trabajadora social en atenci√≥n a la mujer. Experta en Violencia Familiar y Mediaci√≥n. Amante de la igualdad y el cambio. Al√©rgica a los malos rollos.Deportista.,True,Wed Oct 16 18:13:54 +0000 2013,231,114,255,False,None,Marina Delgado,None,es,None,210,maridedi727,,,,,None,None,,http://dones.esquerrarepublicana.cat,Tue Apr 25 16:30:04 +0000 2017
1251,"#FutbolInternacional
#Ancelotti grab√≥ su nombre en la historia del futbol 
https://t.co/vMmhBkBQML https://t.co/buS8yrSJx6",0,False,False,858566588391280641,None,False,Sun Apr 30 06:20:00 +0000 2017,None,None,es,273,False,"San Luis Potos√≠, M√©xico",974896970,"Lo m√°s relevante del Deporte a nivel local, nacional e internacional en un solo lugar.
Visita: /www.planodeportivo.com",False,Tue Nov 27 22:49:48 +0000 2012,93424,3755,22,False,http://planodeportivo.com,Plano Deportivo,Eastern Time (US & Canada),es,-14400,1425,PlanoDeportivo,,,,,None,None,,,
1252,RT @elcosodelapizza: Argentina se√±ores https://t.co/jaN5eduQW6,0,False,False,858566589922373632,None,False,Sun Apr 30 06:20:01 +0000 2017,None,None,es,0,False,"Luj√°n de Cuyo, Argentina",740965941647953920,Fanatico a muerte #RiverPlate #14 ‚öΩ‚ö™‚ö™,False,Thu Jun 09 17:57:01 +0000 2016,866,85,241,False,None,Emii,None,es,None,308,EmiFederiche14,,,,,None,None,https://twitter.com/elcosodelapizza/status/858283068049817600/photo/1,https://www.instagram.com/elcosopizza/,Sat Apr 29 11:33:24 +0000 2017
1253,#FederalC: Comunicaciones de #Mercedes y Central #Goya van por la final. https://t.co/CfDR1oMgSK,0,False,False,858566593722404864,None,False,Sun Apr 30 06:20:01 +0000 2017,None,None,es,47,False,Corrientes,524955306,"Periodista Deportivo, director de @despuesdljuego y @DDCtes, relator de basquet para Cablevisi√≥n.",False,Thu Mar 15 02:34:35 +0000 2012,18597,293,178,False,http://www.despuesdeljuego.com.ar,Facundo Mendiaz,Buenos Aires,es,-10800,1313,FacuMendiaz,,,,,None,None,,,
1254,La decisi√≥n de Cristina Cifuentes que precipit√≥ la ca√≠da de Ignacio Gonz√°lez  https://t.co/aZOr13rWOS,0,False,False,858566599648960512,None,False,Sun Apr 30 06:20:03 +0000 2017,None,None,es,53435,True,Madrid,7996082,"Las noticias m√°s relevantes y la √∫ltima hora, por los periodistas de EL PA√çS. Para informarse y conversar. √önete al sistema de alertas mediante mensaje directo",True,Mon Aug 06 16:20:09 +0000 2007,328001,6095560,1281,False,http://www.elpais.com,EL PA√çS,Madrid,es,7200,765,el_pais,,,,,None,None,,,
1255,RT @ConElMazoDando: Macri aumenta deuda argentina en casi 80 mil millones de d√≥lares - https://t.co/RBwBK1cnJb https://t.co/EQrVGdLsRq,0,False,False,858566598872924160,None,False,Sun Apr 30 06:20:03 +0000 2017,None,None,es,56,False,"SARARE,Simon Plana,Lara",142029292,Yo Rechazo El Terrorismo,False,Sun May 09 18:53:24 +0000 2010,116268,12475,12334,False,http://page.is/chavista-con-maduro,#NicolasEnMovimiento,Caracas,es,-14400,13466,arriechemetro,,,,,None,None,https://twitter.com/ConElMazoDando/status/858565756216381440/photo/1,http://www.conelmazodando.com.ve,Sun Apr 30 06:16:42 +0000 2017
1256,FUTBOL: El @Lleida_Esportiu desarma la @UELlagostera (0-1) i s‚Äôapropa als llocs de play-off https://t.co/LLlXWMYn6j,0,False,False,858566601205047297,None,False,Sun Apr 30 06:20:03 +0000 2017,None,None,und,0,False,Lleida,515890970,Diari digital de #Lleida i prov√≠ncia on tots els lleidatans s'hi veuran reflectit. Informacions d'inter√®s p√∫blic i molt diverses.,True,Mon Mar 05 21:36:11 +0000 2012,13951,8689,160,False,http://www.lleidaalminut.com,lleidaalminut,Madrid,es,7200,1375,lleidaalminut,,,,,None,None,,,
1257,RT @LaGrondonaTwitt: Los Simpson tambi√©n predijeron a la justicia Argentina! https://t.co/JH9vBh43rP,0,False,False,858566602077372416,None,False,Sun Apr 30 06:20:03 +0000 2017,None,None,es,2,False,Argentina pa ,854150498,"intento de goals // r5 {8/10/14-3/12/15} // nem {23/12/15} // bnt, la provinciana y kev anda a saber",True,Sun Sep 30 05:14:47 +0000 2012,34505,1240,7923,False,None,dai,Buenos Aires,es,-10800,1538,keepawayfromR5,,,,,None,None,https://twitter.com/LaGrondonaTwitt/status/858397577364025344/photo/1,https://instagram.com/clau_sego,Sat Apr 29 19:08:25 +0000 2017
1258,"Estoy hasta el co√±o, me he tenido que levantar una hora antes para que mi hermana vaya al puto futbol y ahora voy a estar una hora en la+",0,False,False,858566606263390208,None,False,Sun Apr 30 06:20:04 +0000 2017,None,None,es,25,False,La rasta de Hara,4429813361,"Gracias YouPlanet, por todo‚ô°| Kioncepeto | Shippeo Nygmobblepot y Thorki :D | #KAJALSQUAD | Biffs :)))",True,Wed Dec 09 19:40:17 +0000 2015,44255,1596,41047,False,http://www.LaSectaDeCheeto.com,Joaquin me comi√≥üçû,None,es,None,706,PanDePipas_yeah,,,,,None,None,,,
1259,RT @FREESTYL3__: No estoy robando nada estoy forrao' como Cristina. https://t.co/WTvejiDXdv,0,False,False,858566614983299072,None,False,Sun Apr 30 06:20:07 +0000 2017,None,None,es,0,False,None,2811904438,UV‚Ñ¢,True,Mon Oct 06 23:17:46 +0000 2014,8174,303,3303,False,None,YxNx,None,es,None,444,DijaGiuli,,,,,None,None,https://twitter.com/FREESTYL3__/status/840601559113302016/video/1,https://www.youtube.com/c/R4PREAL,Sat Apr 29 19:30:09 +0000 2017
1260,RT @ArtaGene: @Shakestweetz @AmandaS15866691 David Letterman said it best.  Trump just cancelled award Ceremony for Jimmy Carter‚Ä¶ ,0,False,False,858566615172083712,None,False,Sun Apr 30 06:20:07 +0000 2017,None,None,en,13,False,"South Carolina, USA",2471219396,Think. And VOTE.,False,Wed Apr 30 16:28:58 +0000 2014,8686,361,12956,False,http://democracynow.org,Nicole Ann,None,en,None,395,nomoresoundbyte,,,,,None,None,,http://about.me/cskipper,Sun Apr 30 06:17:51 +0000 2017
1261,"RT @juanpmansilla: Macri en el libro de Di Marco: ""Pap√° tiene un proceso de demencia en avance"" (Noticias) https://t.co/6EWc4PH2FU",0,False,False,858566617252470784,None,False,Sun Apr 30 06:20:07 +0000 2017,None,None,es,4,False,tiendita del horror macrista,950696136,"intento llorar en todas las sesiones con mi analista asi no siento que desperdicio 420 p√©. amo generalizar. seguro me ca√©s mal. si, vos.",True,Fri Nov 16 00:26:34 +0000 2012,18231,297,2,False,http://paremosdesufrir.blogspot.com.ar/,bel√©n.-,Santiago,es,-10800,290,belennono,,,,,None,None,https://twitter.com/juanpmansilla/status/858312413963325441/photo/1,https://www.flickr.com/juanpmansilla,Sat Apr 29 13:30:00 +0000 2017
1262,RT @PanAmPost_es: .@mauriciomacri : ‚ÄúArgentina iba en el mismo rumbo que Venezuela y el pueblo eligi√≥ un camino diferente‚Äù‚Ä¶ ,0,False,False,858566619609608192,None,False,Sun Apr 30 06:20:08 +0000 2017,None,None,es,5,False,Venezuela,86903858,EMPRESARIO AREA REPUESTOS FORD,True,Mon Nov 02 08:55:47 +0000 2009,14800,726,279,False,None,Gerson A. Perez P.,Caracas,es,-14400,3038,GPEREZ4963,,,,,None,None,,http://es.PanAmPost.com,Sun Apr 30 03:30:01 +0000 2017
1263,"‚íà #LaNocheDeML
‚íâ #ShawnWeAreWithYou
‚íä Camp Rock
‚íã BNT UN MILLON
‚íå #DomingoDeGanarSeguidores

2017/4/30 03:17 ART https://t.co/Zdrt4tAWye",0,False,False,858566626500673536,None,False,Sun Apr 30 06:20:09 +0000 2017,None,None,fr,235,False,Argentina,1180083066,Informaci√≥n sobre los Temas del Momento de la geograf√≠a argentina #TrendingTopics ‚Äî #trndnl,True,Thu Feb 14 19:23:34 +0000 2013,524287,60588,11,False,http://trendinalia.com/twitter-trending-topics/argentina/,Trendinalia AR,Buenos Aires,es,-10800,47,trendinaliaAR,,,,,"{u'full_name': u'Ciudad Aut\xf3noma de Buenos Aires, Argentina', u'url': u'https://api.twitter.com/1.1/geo/id/018f1cde6bad9747.json', u'country': u'Argentina', u'place_type': u'city', u'bounding_box': {u'type': u'Polygon', u'coordinates': [[[-58.531792, -34.674453], [-58.531792, -34.534177], [-58.353494, -34.534177], [-58.353494, -34.674453]]]}, u'country_code': u'AR', u'attributes': {}, u'id': u'018f1cde6bad9747', u'name': u'Ciudad Aut\xf3noma de Buenos Aires'}","{u'type': u'Point', u'coordinates': [-58.3735, -34.6085]}",,,
1264,"Cristiano, ‚ÄòPichichi‚Äô hist√≥rico en Europa https://t.co/q5Ma2TCnzu https://t.co/onnwelD2iy",0,False,False,858566626957971456,None,False,Sun Apr 30 06:20:09 +0000 2017,None,None,es,8,False,None,781978540132724737,Deportes F√∫tbol Baloncesto Deportes locales Entretenimiento,False,Fri Sep 30 22:06:27 +0000 2016,65079,250,0,False,None,Mundial Sports,None,es,None,530,mundialsport241,,,,,None,None,,,
1265,"‚íç #FelizCumpleIrio
‚íé HOY JUEGA BOCA
‚íè #CombateAltaCarne
‚íê Conejo P√©rez
‚íë Uni√≥n y Patronato

2017/4/30 03:17 ART https://t.co/Zdrt4tAWye",0,False,False,858566628556001281,trendinaliaAR,False,Sun Apr 30 06:20:10 +0000 2017,858566626500673536,1180083066,es,235,False,Argentina,1180083066,Informaci√≥n sobre los Temas del Momento de la geograf√≠a argentina #TrendingTopics ‚Äî #trndnl,True,Thu Feb 14 19:23:34 +0000 2013,524288,60588,11,False,http://trendinalia.com/twitter-trending-topics/argentina/,Trendinalia AR,Buenos Aires,es,-10800,47,trendinaliaAR,,,,,"{u'full_name': u'Ciudad Aut\xf3noma de Buenos Aires, Argentina', u'url': u'https://api.twitter.com/1.1/geo/id/018f1cde6bad9747.json', u'country': u'Argentina', u'place_type': u'city', u'bounding_box': {u'type': u'Polygon', u'coordinates': [[[-58.531792, -34.674453], [-58.531792, -34.534177], [-58.353494, -34.534177], [-58.353494, -34.674453]]]}, u'country_code': u'AR', u'attributes': {}, u'id': u'018f1cde6bad9747', u'name': u'Ciudad Aut\xf3noma de Buenos Aires'}","{u'type': u'Point', u'coordinates': [-58.3735, -34.6085]}",,,
1266,#Hongkong Oferta de trabajo: Project Manager: Argentina - JLL (NYSE: JLL) is a professional‚Ä¶ https://t.co/ID5mi3WW7c,0,False,False,858566629004910596,None,False,Sun Apr 30 06:20:10 +0000 2017,None,None,en,0,False,None,849955464163061760,Jobs Hong Kong Search on popular job posting sites at once with just once search or browse jobs by category or location https://job.re-crawl.com/HK/#jobresults,False,Thu Apr 06 12:02:28 +0000 2017,482,4,0,False,https://www.facebook.com/FindJobsHongKong/app/337680106275807/,Jobs Hong Kong,None,pl,None,142,JobsHongKong_,,,,,None,None,,,
1267,"Mi apoyo a Cristina. Algunos no saben lo que significa ""respeto"" https://t.co/GPnXxxl6Ci",0,False,False,858566633429839872,None,False,Sun Apr 30 06:20:11 +0000 2017,None,None,es,12,False,"Vitoria-Gasteiz, Pa√≠s Vasco",2487449220,Juntero socialdem√≥crata en las Juntas Generales de Alava @jjggalava .,True,Sat May 10 09:48:58 +0000 2014,6207,645,1749,False,None,Miguel Angel Carrera,Madrid,es,7200,879,MikelK10,,,,,None,None,,,
1268,"Rakitic, con la punter√≠a ajustada https://t.co/4UlHK3ypdu https://t.co/pNruZjWa3Y",0,False,False,858566633400315906,None,False,Sun Apr 30 06:20:11 +0000 2017,None,None,es,8,False,None,781978540132724737,Deportes F√∫tbol Baloncesto Deportes locales Entretenimiento,False,Fri Sep 30 22:06:27 +0000 2016,65080,250,0,False,None,Mundial Sports,None,es,None,530,mundialsport241,,,,,None,None,,,
1269,"RT @_fedeifc: Que hermoso tema la banda m√°s loca de la argentina lpm, cada vez que escucho que la empiezan es una caricia al alma",0,False,False,858566633660579840,None,False,Sun Apr 30 06:20:11 +0000 2017,None,None,es,11,False,Billinghurst. San Mart√≠n ,841100022,"19. Si quieren encontrarme busquenme en la tribuna. Somos Nosotros - Los diablos Rojos de Avellaneda - LpdU. 
http://Instagram.com/fedeverdinnocai",True,Sun Sep 23 05:59:40 +0000 2012,81271,1834,7933,False,http://www.facebook.com/fedeclubatleticoindependientedeavellaneda,Fede Verdino Cai,Brasilia,es,-10800,1217,fedeverdinocai,,,,,None,None,,http://instagram.com/Fedeifc,Sat Apr 29 16:27:28 +0000 2017
1270,RT @1966kastamonu: T√ºrkiye Profesyonel Futbol Liglerinde 2017 yƒ±lƒ±nda yenilgi y√ºz√º g√∂rmeyen tek takƒ±m KASTAMONUSPOR 1966 https://t.co/0lRRR‚Ä¶,0,False,False,858566635074072576,None,False,Sun Apr 30 06:20:11 +0000 2017,None,None,tr,0,False,None,717808557870227456,None,False,Wed Apr 06 20:17:51 +0000 2016,4,2,1,False,None,0555 608 6808,None,tr,None,4,benzersiz37,,,,,None,None,https://twitter.com/1966kastamonu/status/858384452476706816/photo/1,http://www.kastamonuspor1966.com,Sat Apr 29 18:16:16 +0000 2017
1271,RT @marianaluciamuz: Tini a horas de salir su cd es disco de oro en Argentina ......te felicito y te admiro por tu esfuerzo y dedicaci√≥n hi‚Ä¶,0,False,False,858566639465500673,None,False,Sun Apr 30 06:20:12 +0000 2017,None,None,es,5,False,Tinista ‚úà,3206480589,"All You Need ƒ∞s Love  #GotMeStartedTour
#Twilight #MartinaStoessel #JorgeBlanco",True,Sat Apr 25 15:29:34 +0000 2015,5702,177,5948,False,http://www.tinistoessel.com,Ay≈üe #GMST,None,tr,None,80,SimplyTiniii,,,,,None,None,,http://Smarturl.it/TiniTickets,Fri Apr 29 12:21:34 +0000 2016
1272,Jordi Alba reitera sus ganas de quedarse https://t.co/zbve3vglzd https://t.co/w8eo6ALeOv,0,False,False,858566638840332288,None,False,Sun Apr 30 06:20:12 +0000 2017,None,None,es,8,False,None,781978540132724737,Deportes F√∫tbol Baloncesto Deportes locales Entretenimiento,False,Fri Sep 30 22:06:27 +0000 2016,65081,250,0,False,None,Mundial Sports,None,es,None,530,mundialsport241,,,,,None,None,,,
